{
  "accessibilityPrompt": true,
  "alwaysOnTop": false,
  "arch": "x64",
  "asar": false,
  "blockExternalUrls": false,
  "bounce": false,
  "buildDate": 1636731344255,
  "clearCache": false,
  "counter": false,
  "darwinDarkModeSupport": false,
  "disableContextMenu": false,
  "disableDevTools": false,
  "disableGpu": false,
  "disableOldBuildWarning": false,
  "electronVersionUsed": "13.6.1",
  "enableEs3Apis": false,
  "fastQuit": false,
  "fullScreen": false,
  "height": 800,
  "hideWindowFrame": false,
  "ignoreCertificate": false,
  "ignoreGpuBlacklist": false,
  "insecure": false,
  "isUpgrade": false,
  "maximize": false,
  "name": "gikopoipoi",
  "nativefierVersion": "45.0.5",
  "portable": false,
  "showMenuBar": false,
  "singleInstance": false,
  "targetUrl": "https://gikopoipoi.net/?areaid=for",
  "tray": "false",
  "userAgentHonest": false,
  "width": 1280,
  "widevine": false,
  "win32metadata": {
    "ProductName": "gikopoipoi",
    "InternalName": "gikopoipoi",
    "FileDescription": "gikopoipoi"
  },
  "zoom": 1,
  "oldBuildWarningText": ""
}